laboratorio,grupo,problema,cluster_problema_manual,clean_problema,cluster_causa_manual,causa,clean_causa,consecuencia,clean_consecuencia,region
lab rpp 1,fondecyt regular,insuficiente numero de tesistas de postgrado en la macrozona-austral,capital-humano,insuficiente capital-humano estudiantes-postgrado macrozona-austral,capital-humano,ausencia de financiamiento para fomentar y desarrollar programas de postgrado regionales,insuficiente financiamiento fomentar desarrollar programas-postgrado macrozona-austral,equipos de investigacion pequeños o inexistente lineas de investigacion que no pueden crecer,equipos-investigación pequeños inexistente no-crecen lineas-investigación no-crecen,1
lab rpp 1,fondecyt regular,insuficiente numero de tesistas de postgrado en la macrozona-austral,capital-humano,insuficiente capital-humano estudiantes-postgrado macrozona-austral,capital-humano,ausencia de financiamiento para apoyar formación capital humano instalado en las regiones,insuficiente financiamiento fomentar desarrollar programas-postgrado macrozona-austral,equipos de investigacion pequeños o inexistente lineas de investigacion que no pueden crecer,equipos-investigación pequeños inexistente no-crecen lineas-investigación no-crecen,1
lab rpp 1,fondecyt regular,insuficiente numero de tesistas de postgrado en la macrozona-austral,capital-humano,insuficiente capital-humano estudiantes-postgrado macrozona-austral,capital-humano,no hay claustro/cuerpo academico en las regiones debido a los requisitos actuales,insuficiente investigadores macrozona-austral docencia programas-postgrado,equipos de investigacion pequeños o inexistente lineas de investigacion que no pueden crecer,equipos-investigación pequeños inexistente no-crecen lineas-investigación no-crecen,1
lab rpp 1,fondecyt regular,insuficiente numero de tesistas de postgrado en la macrozona-austral,capital-humano,insuficiente capital-humano estudiantes-postgrado macrozona-austral,capital-humano,sistema de incentivos hacia individualización y en contra de cooperación (cna anid),sistema incentivos anid cna individualización cooperación,equipos de investigacion pequeños o inexistente lineas de investigacion que no pueden crecer,equipos-investigación pequeños inexistente no-crecen lineas-investigación no-crecen,1
lab rif 1,fondecyt iniciación,no hay estudiantes de postgrado en regiones,capital-humano,insuficiente capital-humano estudiantes-postgrado macrozona-austral,capital-humano,no hay claustro/cuerpo académico en las regiones para programas de magister y doctorado,insuficiente investigadores macrozona-austral docencia programas-postgrado,equipos de investigacion pequeños o inexistente que no pueden crecer,equipos-investigación pequeños inexistente no-crecen,1
lab rpp 1,fondecyt regular,hay pocos tesistas de pregrado en el sistema ctci de la mz austral,capital-humano,insuficiente capital-humano estudiantes-pregrado macrozona-austral,desconexión pregrado-investigaciónregional,desconexion de las lineas de investigación regionales y la docencia de pregrado de aysén y magallanes,desconexion investigación-regional docencia-pregrado macrozona-austral,equipos de investigacion pequeños o inexistente que no pueden crecer,equipos-investigación pequeños inexistente no-crecen,1
lab rpp 1,fondecyt regular,hay pocos tesistas de pregrado en el sistema ctci de la mz austral,capital-humano,insuficiente capital-humano estudiantes-pregrado macrozona-austral,capital-humano,solo una universidad estatal en ambas regiones con pocos alumnos,insuficiente universidades macrozona-austral estudiantes-pregrado,equipos de investigacion pequeños o inexistente que no pueden crecer,equipos-investigación pequeños inexistente no-crecen,1
lab rif 1,fondecyt iniciación,208 mil pesos es insuficienten para traer tesistas de pregrado desde otras regiones,financiamiento capital-humano,insuficiente financiamiento capital-humano estudiantes-postgrado macrozona-austral,costo-operacional,los costos de vida son mayores en ambas regiones,costos vida mayores macrozona-austral,equipos de investigacion pequeños o inexistente que no pueden crecer,equipos-investigación pequeños inexistente no-crecen,1
lab rpp 1,fondecyt postdoc,falta de recursos (honorarios) para tesistas,financiamiento capital-humano,inflexible insuficiente financiamiento capital-humano estudiantes-pregrado estudiantes-postgrado macrozona-austral,capital-humano,baja cantidad de estudiantes para sistema ctci,insuficiente estudiantes-pregrado estudiantes-postgrado macrozona-austral,equipos de investigacion pequeños o inexistente que no pueden crecer,equipos-investigación pequeños inexistente no-crecen,1
lab rif 1,fondecyt iniciación,inmovilidad de presupuesto en item de tesistas,financiamiento capital-humano,inflexible insuficiente financiamiento capital-humano estudiantes-pregrado estudiantes-postgrado macrozona-austral,bases-instrumento,bases de anid no considera brecha regional,bases-instrumento anid no-reconoce brechas macrozona-austral,equipos de investigacion pequeños o inexistente que no pueden crecer,equipos-investigación pequeños inexistente no-crecen,1
lab rif 1,fondecyt iniciación,no hay estudiantes de postgrado en regiones,capital-humano,insuficiente capital-humano estudiantes-postgrado macrozona-austral,capital-humano,no hay claustro/cuerpo académico en las regiones para programas de magister y doctorado,insuficiente investigadores macrozona-austral docencia programas-postgrado,fondos destinados a tesistas se deben devolver a anid,fondos destinados tesistas devolver anid,1
lab rif 1,fondecyt iniciación,no se puede destinar recursos a tesistas internacionales,financiamiento colaboracion-internacional,insuficiente financiamiento colaboracion-internacional tesistas-internacionales,gestion-administrativa anid,anid necesita un rut chileno,anid necesita rut chileno,equipos de investigacion pequeños o inexistente que no pueden crecer,equipos-investigación pequeños inexistente no-crecen,1
lab rpp 1,fondecyt regular,hay pocos tesistas de pregrado en el sistema ctci de la mz austral,capital-humano,insuficiente capital-humano estudiantes-pregrado macrozona-austral,desconexión pregrado-investigaciónregional,desconexion de las lineas de investigación regionales y la docencia de pregrado de aysén y magallanes,desconexion investigación-regional docencia-pregrado macrozona-austral,fondos destinados a tesistas se deben devolver a anid,fondos destinados tesistas devolver anid,1
lab rpp 1,fondecyt postdoc,falta de recursos (honorarios) para apoyo profesional,financiamiento capital-humano,insuficiente financiamiento operación macrozona-austral gastos capital-humano asistentes-de-investigación,capital-humano,baja cantidad de profesionales para sistema ctci,baja cantidad profesionales-investigación sistema ctci,equipos de investigacion pequeños o inexistente que no pueden crecer,equipos-investigación pequeños inexistente no-crecen,1
lab rif 1,fondecyt iniciación,208 mil pesos es insuficienten para traer tesistas de pregrado desde otras regiones,financiamiento capital-humano,insuficiente financiamiento capital-humano estudiantes-postgrado macrozona-austral,capital-humano,la cantidad de estudiantes es baja en la mz austral (1 universidad estatal con pregrado en cada región),insuficiente estudiantes-pregrado macrozona-austral,equipos de investigacion pequeños que no pueden crecer,equipos-investigación pequeños inexistente no-crecen,1
lab fri 1,fondequip mediano,las universidades pequeñas (mz austral) deben limitar el número de postulaciones,bases-instrumento y realidad-territorial,bases-instrumento instrumento-anid realidad-territorial macrozona-austral limita cantidad postulaciones,financiamiento-universidades,la exigencia del co-financiamiento,exigencia co-financiamiento,aumenta la brecha de equipamiento cientifico de la macrozona-austral,aumenta brecha equipamiento-científico macrozona-austral,1
lab fri 1,fondequip mediano,las universidades pequeñas (mz austral) deben limitar el número de postulaciones,bases-instrumento y realidad-territorial,bases-instrumento instrumento-anid realidad-territorial macrozona-austral limita cantidad postulaciones,descoordinación anid-universidades,tasa de cambio (clp-usd) es fija y establecida por anid y en caso de cambiar la tasa la universidad se tiene que hacer cargo de la diferencia de tasa de cambio,tasa-de-cambio fija establecida anid caso cambiar tasa universidades cargo diferencia,aumenta la brecha de equipamiento cientifico de la macrozona-austral,aumenta brecha equipamiento-científico macrozona-austral,1
lab rif 1,fondecyt iniciación,inmovilidad de presupuesto en item de tesistas,financiamiento capital-humano,inflexible insuficiente financiamiento capital-humano estudiantes-pregrado estudiantes-postgrado macrozona-austral,bases-instrumento,bases de anid no considera brecha regional,bases-instrumento anid no-reconoce brechas macrozona-austral,investigador@ principal cumple todas las funciones de un equipo de trabajo y no puede ampliar linea de investigación,investigador-principal cumple funciones equipos-investigación linea-investigación no-crecen,1
lab fri 1,fondequip mediano,gestión rigida y compleja administrativa (comite tecnico) que no se aplica a la naturaleza de los proyectos (zonas extremas vs laboratorio),gestion-administrativa y realidad-territorial,gestión-administrativa anid diferencia equipamiento-científico terrenos laboratorios,gestion-administrativa y realidad-territorial,la administración del programa muestra una tendencia a la burocratización/rigidización/falta de transparencia/arbitrariedad,administración programa muestra tendencia burocratización rigidización falta-de-transparencia arbitrariedad,conflictos entre anid e investigaodores que produce gasto de tiempo y recursos,conflictos anid investigadores generan gasto recursos,1
lab rpp 1,fondecyt postdoc,cambio y/o actualización de las bases,contenido bases-instrumento,bases-instrumento instrumento-anid confusas actualizaciones perjudiciales,bases-instrumento,actualizaciones de anid posterior a la adjudicación del proyecto,actualizaciones anid posterior adjudicación proyecto,retraso y descoordinación en los proyectos,desfase descoordinación proyectos,0
lab rif 1,fondef idea,cambios de par evaluador,evaluacion-anid,evaluación-administrativa anid propuesta deficiente,evaluacion-anid,que se pierde la mirada del proyecto que se postula cambiando el rumbo del mejoramiento del proyecto original,cambios par-evaluador,afecta las postulaciones siguientes,desvirtúa proyecto postulado cambiando rumbo mejoramiento proyecto original,0
lab fri 1,fondecyt iniciación,cambios en el programa inicial de los proyectos,gestion-administrativa anid,gestión-administrativa anid deficiente,gestion-administrativa anid,inyección desfasada de recursos,inyección desfasada financiamiento,se pierden 30 o más días en la ejecución del mismo,desfase descoordinación proyectos,0
lab rpp 1,fondecyt regular,insuficiente numero de tesistas de postgrado en la macrozona-austral,capital-humano,insuficiente capital-humano estudiantes-postgrado macrozona-austral,capital-humano,ausencia de financiamiento para fomentar y desarrollar programas de postgrado regionales,insuficiente financiamiento fomentar desarrollar programas-postgrado macrozona-austral,investigador@ principal cumple todas las funciones de un equipo de trabajo y no puede ampliar linea de investigación,investigador-principal cumple funciones equipos-investigación linea-investigación no-crecen,1
lab fri 1,fondecyt regular,demora en la respuesta a solicitudes de cambio o modificaciones en la gestión del proyecto,comunicacion-anid,comunicación ejecutivos anid lenta,comunicacion-anid,ya no existe comunicación directa con los ejecutivos sólo se realizan consultas por plataforma,no-existe comunicación directa ejecutivo-anid realizan consultas plataforma,proyectos detenidos esperando respuestas para continuidad,detención proyectos esperando respuestas continuidad,1
lab rpp 1,fondecyt postdoc,demora en la respuesta a solicitudes de cambio o modificaciones en la gestión del proyecto,comunicacion-anid,comunicación ejecutivos anid lenta,comunicacion-anid,ya no existe comunicación directa con los ejecutivos sólo se realizan consultas por plataforma,no-existe comunicación directa ejecutivo-anid realizan consultas plataforma,proyectos detenidos esperando respuestas para continuidad,detención proyectos esperando respuestas continuidad,1
lab rpp 1,fondecyt postdoc,demora en la respuesta a solicitudes de cambio o modificaciones en la gestión del proyecto,comunicacion-anid,comunicación ejecutivos anid lenta,comunicacion-anid,cambio de/la ejecutivo/a para resolver dudas,cambio ejecutivo anid resolver dudas,proyectos detenidos esperando respuestas para continuidad,detención proyectos esperando respuestas continuidad,1
lab fri 1,fondecyt regular,demora en la respuesta a solicitudes de cambio o modificaciones en la gestión del proyecto,comunicacion-anid,comunicación ejecutivos anid lenta,gestion-administrativa anid,funcionamiento anid centralizado,funcionamiento anid centralizado,proyectos detenidos esperando respuestas para continuidad,detención proyectos esperando respuestas continuidad,1
lab rif 1,fondecyt iniciación,desconexion de los instrumentos (fondecyt & fondequip mediano),complementariedad-instrumentos,instrumento-anid complementar instrumento-anid,gestion-administrativa y realidad-territorial,no estan pensados para suplir la realidad regional,pensados suplir realidad macrozona-austral,bajo acceso equipamiento cientifico envio de muestras a otros lugares,acceso equipamiento-científico envio muestras lugares,1
lab rpp 1,fondecyt regular,insuficiente numero de tesistas de postgrado en la macrozona-austral,capital-humano,insuficiente capital-humano estudiantes-postgrado macrozona-austral,capital-humano,ausencia de financiamiento para apoyar formación capital humano instalado en las regiones,insuficiente financiamiento apoyar formación capital-humano instalado macrozona-austral,investigador@ principal cumple todas las funciones de un equipo de trabajo y no puede ampliar linea de investigación,investigador-principal cumple funciones equipos-investigación linea-investigación no-crecen,1
lab rpp 1,fondecyt regular,insuficiente numero de tesistas de postgrado en la macrozona-austral,capital-humano,insuficiente capital-humano estudiantes-postgrado macrozona-austral,capital-humano,no hay claustro/cuerpo academico en las regiones debido a los requisitos actuales,insuficiente investigadores macrozona-austral docencia programas-postgrado,investigador@ principal cumple todas las funciones de un equipo de trabajo y no puede ampliar linea de investigación,investigador-principal cumple funciones equipos-investigación linea-investigación no-crecen,1
lab rpp 1,fondecyt regular,hay pocos tesistas de pregrado en el sistema ctci de la mz austral,capital-humano,insuficiente capital-humano estudiantes-pregrado macrozona-austral,capital-humano,solo una universidad estatal en ambas regiones con pocos alumnos,insuficiente universidades macrozona-austral estudiantes-pregrado,fondos destinados a tesistas se deben devolver a anid,devolución fondos destinados estudiantes-pregrado,1
lab rpp 1,fondecyt regular,insuficiente numero de tesistas de postgrado en la macrozona-austral,capital-humano,insuficiente capital-humano estudiantes-postgrado macrozona-austral,capital-humano,sistema de incentivos hacia individualización y en contra de cooperación (cna anid),sistema incentivos anid cna individualización cooperación,investigador@ principal cumple todas las funciones de un equipo de trabajo y no puede ampliar linea de investigación,investigador-principal cumple funciones equipos-investigación linea-investigación no-crecen,1
lab fri 1,fondecyt regular,exceso de observaciones de baja trascendencia en las rendiciones y demora de respuesta de observaciones,gestion-administrativa anid,evaluación-administrativa anid burocrática,gestion-administrativa anid,poco personal destinado a rendiciones,insuficiente personal anid destinado rendiciones,retraso en la a solución de esos temas,retraso solución temas-administrativos,0
lab fri 1,fondecyt regular,exceso de observaciones de baja trascendencia en las rendiciones y demora de respuesta de observaciones,gestion-administrativa anid,evaluación-administrativa anid burocrática,gestion-administrativa anid,bajo personal para auditorias financieras,personal anid auditorias financieras,retraso en la a solución de esos temas,retraso solución temas-administrativos,0
lab fri 1,fondecyt regular,exceso de observaciones de baja trascendencia en las rendiciones y demora de respuesta de observaciones,gestion-administrativa anid,evaluación-administrativa anid burocrática,gestion-administrativa anid,desconexión entre área científica y financiera de anid,desconexión área científica financiera anid,retraso en la a solución de esos temas,retraso solución temas-administrativos,0
lab fri 1,fondecyt regular,exceso de observaciones de baja trascendencia en las rendiciones y demora de respuesta de observaciones,gestion-administrativa anid,evaluación-administrativa anid burocrática,gestion-administrativa anid,desconocimiento desde anid en actividades necesarias para la ejecución del proyecto,desconocimiento anid actividades necesarias ejecución proyecto,retraso en la a solución de esos temas,retraso solución temas-administrativos,0
lab rpp 1,fondecyt regular,existe falta de competencias para evaluar y decidir acerca de ajustes presupuestarios,gestion-administrativa y realidad-territorial,evaluacion-proyectos anid realidad-territorial macrozona-austral,costo-operacional,desconocimiento de los costos de vida y realidad regional,desconocimiento costos vida realidad macrozona-austral,ajuste presupuestario que cuarta el quehacer del proyecto gasto de tiempo en solucion de problemas precarizacion,ajuste presupuestario cuarta quehacer proyecto gastos solucion problemas precarizacion,0
lab fri 1,fondequip mediano,las universidades pequeñas (mz austral) deben limitar el número de postulaciones,bases-instrumento y realidad-territorial,bases-instrumento instrumento-anid realidad-territorial macrozona-austral limita cantidad postulaciones,financiamiento-universidades,la exigencia del co-financiamiento,exigencia co-financiamiento,aumenta la brecha de equipamiento cientifico de la macrozona-austral,aumenta brecha equipamiento-científico macrozona-austral,1
lab fri 1,fondequip mediano,las universidades pequeñas (mz austral) deben limitar el número de postulaciones,bases-instrumento y realidad-territorial,bases-instrumento instrumento-anid realidad-territorial macrozona-austral limita cantidad postulaciones,capital-humano,solicitan como indicador más personas que usen el equipamiento dentro de la institución,solicitan indicador personas usen equipamiento-científico institución,aumenta la brecha de equipamiento cientifico de la macrozona-austral,aumenta brecha equipamiento-científico macrozona-austral,1
lab fri 1,fondequip mediano,las universidades pequeñas (mz austral) deben limitar el número de postulaciones,bases-instrumento y realidad-territorial,bases-instrumento instrumento-anid realidad-territorial macrozona-austral limita cantidad postulaciones,capital-humano,solicitan como indicador más personas que usen el equipamiento dentro de la institución,solicitan indicador personas usen equipamiento-científico institución,aumenta la brecha de equipamiento cientifico de la macrozona-austral,aumenta brecha equipamiento-científico macrozona-austral,1
lab fri 1,fondequip mediano,gestión rigida y compleja administrativa (comite tecnico) que no se aplica a la naturaleza de los proyectos (zonas extremas vs laboratorio),gestion-administrativa y realidad-territorial,gestión-administrativa anid diferencia equipamiento-científico terrenos laboratorios,gestion-administrativa y realidad-territorial,el programa no tiene diferencias entre instalacion de equipamiento en laboratorios terreno zonas de alto riesgo y zonas extremas con aislamiento-austral,instrumento sin-diferenciación instalacion equipamiento-científico laboratorios terreno zonas-alto-riesgo zonas-extremas aislamiento-austral,conflictos entre anid e investigaodores que produce gasto de tiempo y recursos,conflictos anid investigadores generan gasto recursos,1
lab fri 1,fondecyt regular,falta de notificación a los ir de cambios relevantes en las normativas de declaración de gastos,comunicacion-anid,comunicación anid deficiente investigadores-principales,gestion-administrativa anid,actualizaciones del instrucciones de declaración de gastos anid posterior a la adjudicación del proyecto,actualizaciones instrucciones declaración gastos anid posterior adjudicación proyecto,desconocimiento temporal de reasignación de recursos pecuniarios,desconocimiento temporal reasignación recursos pecuniarios,0
lab fri 1,fondecyt regular,falta de notificación a los ir de cambios relevantes en las normativas de declaración de gastos,comunicacion-anid,comunicación anid deficiente investigadores-principales,gestion-administrativa anid,actualizaciones del instrucciones de declaración de gastos anid posterior a la adjudicación del proyecto,actualizaciones instrucciones declaración gastos anid posterior adjudicación proyecto,retraso y descoordinación en los proyectos,retraso descoordinación proyectos,0
lab fri 1,fondecyt regular,falta de notificación a los ir de cambios relevantes en las normativas de declaración de gastos,comunicacion-anid,comunicación anid deficiente investigadores-principales,gestion-administrativa anid,actualizaciones del instrucciones de declaración de gastos anid posterior a la adjudicación del proyecto,actualizaciones instrucciones declaración gastos anid posterior adjudicación proyecto,problemas en las rendiciones,problemas rendiciones,0
lab rpp 1,fondecyt postdoc,falta de base de datos con información de los títulos y objetivos de proyectos adjudicados,comunicacion-anid,comunicación anid deficiente facilitar información proyectos realizados,bases-instrumento,la propuesta debe ser original y no tener relación a proyectos ya adjudicados,propuesta original relación proyectos adjudicados,desconocimiento y potenciales proyectos rechazados,desconocimiento potenciales proyectos rechazados,0
lab fri 1,fondecyt regular,reintegro de fondos por falta de estudiantes en los proyectos,capital-humano,insuficiente capital-humano estudiantes-pregrado estudiantes-postgrado macrozona-austral financiamiento devuelto,capital-humano,no se permite contratar a estudiantes chilenos que no estén vinculados a universidades nacionales,permite contratar estudiantes-pregrado estudiantes-postgrado chilenos vinculados universidades chilenas,pocos estudiantes disponibles de pre y postgrado,estudiantes-pregrado estudiantes-postgrado,1
lab rpp 1,pai sia,la definición de académico no está estandarizada,contenido bases-instrumento,bases-instrumento instrumento-anid confusas definición académico,descoordinación anid-universidades,que al no aparecer en las bases cada universidad lo define a su manera,aparecer bases-instrumento universidades definen,se desconoce el puesto académico y sueldo definitivo,desconoce puesto académico sueldo definitivo,0
lab rpp 1,fondecyt postdoc,falta de ejemplos para operar con los documentos que adjuntar,contenido bases-instrumento,bases-instrumento instrumento-anid confusas ejemplos,gestion-administrativa anid,las recurrentes dudas de como completar los datos de ciertos trámites (ej: facutras firma de convenio formato de docuemntos digitales),recurrentes dudas completar datos trámites facturas firma-convenio documentos-digitales,retraso en la ejecución de los proyectos,retraso ejecución proyectos,0
lab rpp 1,fondecyt regular,falta de flexibilidad en calendario y planificación de proyectos,flexibilidad bases-instrumento,bases-instrumento instrumento-anid inflexible proyectos macrozona-austral,gestion-administrativa anid,poca flexibilidad de anid para rendición económica,anid inflexible rendición económica,atraso de rendicion de proyectos,atraso rendicion proyectos,1
lab fri 1,fondecyt regular,reintegro de fondos por falta de estudiantes en los proyectos,capital-humano,insuficiente capital-humano estudiantes-pregrado estudiantes-postgrado macrozona-austral financiamiento devuelto,capital-humano,macrozona con 1 programa de doctorado,insuficiente programas-postgrado programa doctorado macrozona-austral,pocos estudiantes disponibles de pre y postgrado,estudiantes-pregrado estudiantes-postgrado,1
lab fri 1,fondecyt regular,reintegro de fondos por falta de estudiantes en los proyectos,capital-humano,insuficiente capital-humano estudiantes-pregrado estudiantes-postgrado macrozona-austral financiamiento devuelto,capital-humano,equipos de investigacion pequeños o inexistente que no pueden crecer,equipos-investigacion pequeños inexistente crecer,pocos estudiantes disponibles de pre y postgrado,estudiantes-pregrado estudiantes-postgrado,1
lab rif 1,fondecyt iniciación,inmovilidad de presupuesto en item de tesistas,financiamiento capital-humano,inflexible insuficiente financiamiento capital-humano estudiantes-pregrado estudiantes-postgrado macrozona-austral,bases-instrumento,bases de anid no considera brecha regional,bases-instrumento anid no-reconoce brechas macrozona-austral,fondos destinados a tesistas se deben devolver a anid,fondos destinados tesistas devolver anid,1
lab rif 1,fondecyt iniciación,no hay estudiantes de postgrado en regiones,capital-humano,insuficiente capital-humano estudiantes-postgrado macrozona-austral,capital-humano,no hay claustro/cuerpo académico en las regiones para programas de magister y doctorado,insuficiente investigadores macrozona-austral docencia programas-postgrado,investigador@ principal cumple todas las funciones de un equipo de trabajo y no puede ampliar linea de investigación,investigador-principal cumple funciones equipos-investigación linea-investigación no-crecen,1
lab fri 1,fondecyt iniciación,hay pocas universidades y estudiantes en zonas extremas,capital-humano,insuficiente capital-humano profesionales-universidades estudiantes-pregrado estudiantes-postgrado macrozona-austral,capital-humano,no hay personas que participen y cooperen en los proyectos,insuficiente universidades macrozona-austral estudiantes-pregrado estudiantes-postgrado profesionales-investigación,proyectos con menos especialistas en los temas de la investigación,proyectos especialistas linea-investigación,1
lab rpp 1,fondecyt regular,hay pocos tesistas de pregrado en el sistema ctci de la mz austral,capital-humano,insuficiente capital-humano estudiantes-pregrado macrozona-austral,desconexión pregrado-investigaciónregional,desconexion de las lineas de investigación regionales y la docencia de pregrado de aysén y magallanes,desconexion investigación-regional docencia-pregrado macrozona-austral,investigador@ principal cumple todas las funciones de un equipo de trabajo y no puede ampliar linea de investigación,investigador-principal cumple funciones equipos-investigación linea-investigación no-crecen,1
lab rpp 1,fondecyt regular,hay pocos tesistas de pregrado en el sistema ctci de la mz austral,capital-humano,insuficiente capital-humano estudiantes-pregrado macrozona-austral,capital-humano,ausencia de financiamiento para apoyar formación capital humano instalado en las regiones,insuficiente financiamiento apoyar formación capital-humano instalado macrozona-austral,investigador@ principal cumple todas las funciones de un equipo de trabajo y no puede ampliar linea de investigación,investigador-principal cumple funciones equipos-investigación linea-investigación no-crecen,1
lab rpp 1,fondecyt regular,hay pocos tesistas de pregrado en el sistema ctci de la mz austral,capital-humano,insuficiente capital-humano estudiantes-pregrado macrozona-austral,capital-humano,no hay claustro/cuerpo académico en las regiones debido a los requisitos actuales,claustro/cuerpo académico macrozona-austral requisitos actuales,investigador@ principal cumple todas las funciones de un equipo de trabajo y no puede ampliar linea de investigación,investigador-principal cumple funciones equipos-investigación linea-investigación no-crecen,1
lab rpp 1,fondecyt regular,hay pocos tesistas de pregrado en el sistema ctci de la mz austral,capital-humano,insuficiente capital-humano estudiantes-pregrado macrozona-austral,gestion-administrativa anid,sistema de incentivos hacia individualización y en contra de cooperación (cna anid),sistema incentivos anid cna individualización cooperación,investigador@ principal cumple todas las funciones de un equipo de trabajo y no puede ampliar linea de investigación,investigador-principal cumple funciones equipos-investigación linea-investigación no-crecen,1
lab rif 1,fondecyt iniciación,208 mil pesos es insuficienten para traer tesistas de pregrado desde otras regiones,financiamiento capital-humano,insuficiente financiamiento capital-humano estudiantes-postgrado macrozona-austral,capital-humano,la cantidad de estudiantes es baja en la mz austral (1 universidad estatal con pregrado en cada región),insuficiente estudiantes-pregrado macrozona-austral,fondos destinados a tesistas se deben devolver a anid,fondos destinados tesistas devolver anid,1
lab rpp 1,fondecyt regular,hay pocos tesistas de pregrado en el sistema ctci de la mz austral,capital-humano,insuficiente capital-humano estudiantes-pregrado macrozona-austral,capital-humano,montos destinados a tesistas es bajo para traer tesistas de otras regiones,montos destinados estudiantes-pregrado atraer estudiantes-pregrado regiones,investigador@ principal cumple todas las funciones de un equipo de trabajo y no puede ampliar linea de investigación,investigador-principal cumple funciones equipos-investigación linea-investigación no-crecen,1
lab rpp 1,fondecyt regular,hay pocos tesistas de pregrado en el sistema ctci de la mz austral,capital-humano,insuficiente capital-humano estudiantes-pregrado macrozona-austral,capital-humano,solo una universidad estatal en ambas regiones con pocos alumnos,insuficiente universidades macrozona-austral estudiantes-pregrado,investigador@ principal cumple todas las funciones de un equipo de trabajo y no puede ampliar linea de investigación,investigador-principal cumple funciones equipos-investigación linea-investigación no-crecen,1
lab rif 1,fondecyt iniciación,208 mil pesos es insuficienten para traer tesistas de pregrado desde otras regiones,financiamiento capital-humano,insuficiente financiamiento capital-humano estudiantes-postgrado macrozona-austral,capital-humano,la cantidad de estudiantes es baja en la mz austral (1 universidad estatal con pregrado en cada región),insuficiente estudiantes-pregrado macrozona-austral,investigador@ principal cumple todas las funciones de un equipo de trabajo y no puede ampliar linea de investigación,investigador-principal cumple funciones equipos-investigación linea-investigación no-crecen,1
lab rif 1,fondecyt iniciación,208 mil pesos es insuficienten para traer tesistas de pregrado desde otras regiones,financiamiento capital-humano,insuficiente financiamiento capital-humano estudiantes-postgrado macrozona-austral,costo-operacional,los costos de vida son mayores en ambas regiones,costos vida mayores macrozona-austral,investigador@ principal cumple todas las funciones de un equipo de trabajo y no puede ampliar linea de investigación,investigador-principal cumple funciones equipos-investigación linea-investigación no-crecen,1
lab rif 1,fondecyt iniciación,el monto para equipamiento es bajo,equipamiento,insuficiente financiamiento equipamiento-científico macrozona-austral,bases-instrumento,bases de anid no consideran realidad regional,bases-instrumento anid no-reconoce brechas macrozona-austral,bajo acceso equipamiento cientifico envio de muestras a otros lugares,bajo-acceso equipamiento-científico envio muestras lugares,1
lab rpp 1,fondecyt postdoc,considerando la accesibilidad y conectividad de la región: no tener financiamiento para cubrir gastos de viajes o viáticos de colaboradores extranjeros,financiamiento colaboracion-internacional,insuficiente financiamiento colaboracion-internacional viaticos colaboradores-internacionales,bases-instrumento,bases de anid no consideran realidad regional,bases-instrumento anid no-reconoce brechas macrozona-austral,disminución de la colaboración y generación de redes de trabajo,disminución colaboración generación redes,1
lab rif 1,fondecyt iniciación,no se puede destinar recursos a tesistas internacionales,financiamiento colaboracion-internacional,insuficiente financiamiento colaboracion-internacional tesistas-internacionales,gestion-administrativa anid,anid necesita un rut chileno,anid necesita rut chileno,investigador@ principal cumple todas las funciones de un equipo de trabajo y no puede ampliar linea de investigación,investigador-principal cumple funciones equipos-investigación linea-investigación no-crecen,1
lab rif 1,fondecyt iniciación,no se pueden contratar tecnicos de laboratorio,financiamiento capital-humano,insuficiente financiamiento operación macrozona-austral gastos capital-humano asistentes-de-investigación,bases-instrumento,no esta establecido en las bases de anid,establecido bases-instrumento anid,investigador@ principal cumple todas las funciones de un equipo de trabajo y no puede ampliar linea de investigación y/o contrata con su sueldo a alguien,investigador-principal cumple funciones equipos-investigación linea-investigación no-crecen contrata sueldo alguien,0
lab fri 1,fondequip mediano,gestión rigida y compleja administrativa (comite tecnico) que no se aplica a la naturaleza de los proyectos (zonas extremas vs laboratorio),gestion-administrativa y realidad-territorial,gestión-administrativa anid diferencia equipamiento-científico terrenos laboratorios,equipamiento,no existe diferenciación administrativa/bases entre equipamiento de terreno vs laboratorios,instrumento sin-diferenciación instalacion equipamiento-científico laboratorios terreno zonas-alto-riesgo zonas-extremas aislamiento-austral,conflictos entre anid e investigaodores que produce gasto de tiempo y recursos,conflictos anid investigadores generan gasto recursos,1
lab rpp 1,fondecyt regular,ineficiencia y centralismo en la gestión administrativa y fiscalización por anid a los proyectos del instrumento,gestion-administrativa y realidad-territorial,gestión-administrativa anid realidad-territorial macrozona-austral,comunicacion-anid,falta de comunicación directa para resolver problemas,falta comunicación directa anid resolver problemas,frustracion y perdida de tiempo para tomar decisiones retraso en proyectos,frustracion perdida tomar decisiones retraso proyectos,1
lab rpp 1,fondecyt regular,ineficiencia y centralismo en la gestión administrativa y fiscalización por anid a los proyectos del instrumento,gestion-administrativa y realidad-territorial,gestión-administrativa anid realidad-territorial macrozona-austral,comunicacion-anid,cambio de grupo de estudio a plataforma genérica,cambio grupo estudio plataforma genérica,frustracion y perdida de tiempo para tomar decisiones retraso en proyectos,frustracion perdida tomar decisiones retraso proyectos,1
lab fri 1,fondecyt iniciación,existe insuficiente equipamiento científico en las regiones,equipamiento,insuficiente equipamiento-científico macrozona-austral,equipamiento,que las universidades no tienen recursos para adquirir equipamiento de manera total o en cofinanciamiento para los nuevos proyectos,insuficiente recursos universidades adquirir equipamiento-científico cofinanciamiento proyectos,investigadores que necesitan recursos extra para viajar a otras regiones a realizar análisis envío de muestras a otras regiones,investigadores necesitan recursos extra viajar regiones análisis envío muestras regiones,1
lab fri 1,fondequip mediano,gestión rigida y compleja administrativa (comite tecnico) que no se aplica a la naturaleza de los proyectos (zonas extremas vs laboratorio),gestion-administrativa y realidad-territorial,gestión-administrativa anid diferencia equipamiento-científico terrenos laboratorios,gestion-administrativa y realidad-territorial,el programa no tiene diferencias entre instalacion de equipamiento en laboratorios terreno zonas de alto riesgo y zonas extremas con aislamiento-austral,instrumento sin-diferenciación instalacion equipamiento-científico laboratorios terreno zonas-alto-riesgo zonas-extremas aislamiento-austral,devolución de recursos financieros a anid,devolución recursos financieros anid,1
lab fri 1,fondequip mediano,gestión rigida y compleja administrativa (comite tecnico) que no se aplica a la naturaleza de los proyectos (zonas extremas vs laboratorio),gestion-administrativa y realidad-territorial,gestión-administrativa anid diferencia equipamiento-científico terrenos laboratorios,equipamiento,no existe diferenciación administrativa/bases entre equipamiento de terreno vs laboratorios,instrumento sin-diferenciación instalacion equipamiento-científico laboratorios terreno zonas-alto-riesgo zonas-extremas aislamiento-austral,devolución de recursos financieros a anid,devolución recursos financieros anid,1
lab fri 1,fondequip mediano,gestión rigida y compleja administrativa (comite tecnico) que no se aplica a la naturaleza de los proyectos (zonas extremas vs laboratorio),gestion-administrativa y realidad-territorial,gestión-administrativa anid diferencia equipamiento-científico terrenos laboratorios,gestion-administrativa y realidad-territorial,la administración del programa muestra una tendencia a la burocratización/rigidización/falta de transparencia/arbitrariedad,administración programa muestra tendencia burocratización rigidización falta-de-transparencia arbitrariedad,devolución de recursos financieros a anid,devolución recursos financieros anid,1
lab fri 1,fondecyt regular,incurrir en mayor gasto de desplazamiento hacía zona central por desarrollo de proyectos de colaboración con universidades fuera de la región,financiamiento costo-operación,financiamiento operación insuficiente cubrir viajes macrozona-austral,gestion-administrativa y realidad-territorial,región aislada sin conexión terrestre,anid no-reconoce brechas macrozona-austral región aislada conexión terrestre,se perjudica el financiamiento de otras áreas dentro del proyecto,perjudica financiamiento áreas proyecto,1
lab fri 1,fondequip mediano,las universidades pequeñas (mz austral) deben limitar el número de postulaciones,bases-instrumento y realidad-territorial,bases-instrumento instrumento-anid realidad-territorial macrozona-austral limita cantidad postulaciones,descoordinación anid-universidades,tasa de cambio (clp-usd) es fija y establecida por anid y en caso de cambiar la tasa la universidad se tiene que hacer cargo de la diferencia de tasa de cambio,tasa-de-cambio fija establecida anid caso cambiar tasa universidades cargo diferencia,limita numero de postulaciones en regiones con insuficiente equipamiento,limita cantidad postulaciones macrozona-austral insuficiente equipamiento-científico,1
lab fri 1,fondequip mediano,las universidades pequeñas (mz austral) deben limitar el número de postulaciones,bases-instrumento y realidad-territorial,bases-instrumento instrumento-anid realidad-territorial macrozona-austral limita cantidad postulaciones,costo-operacional,solicitan asociatividad con otras partes de chile la que es compleja por costos operacionales,solicitan asociatividad partes chile compleja costos operacionales,limita numero de postulaciones en regiones con insuficiente equipamiento,limita cantidad postulaciones macrozona-austral insuficiente equipamiento-científico,1
lab fri 1,fondequip mediano,las universidades pequeñas (mz austral) deben limitar el número de postulaciones,bases-instrumento y realidad-territorial,bases-instrumento instrumento-anid realidad-territorial macrozona-austral limita cantidad postulaciones,costo-operacional,solicitan asociatividad con otras partes de chile la que es compleja por costos operacionales,solicitan asociatividad partes chile compleja costos operacionales,limita numero de postulaciones en regiones con insuficiente equipamiento,limita cantidad postulaciones macrozona-austral insuficiente equipamiento-científico,1
lab rif 1,fondecyt iniciación,208 mil pesos es insuficienten para traer tesistas de pregrado desde otras regiones,financiamiento capital-humano,insuficiente financiamiento capital-humano estudiantes-postgrado macrozona-austral,costo-operacional,los costos de vida son mayores en ambas regiones,costos vida mayores macrozona-austral,fondos destinados a tesistas se deben devolver a anid,fondos destinados tesistas devolver anid,1
lab fri 1,fondequip mediano,proceso de evaluación y postulación no toma en cuenta diferencias de equipamiento de terrenos y laboratorios,evaluacion-anid y realidad-territorial,evaluación-administrativa anid propuesta diferencia equipamiento-científico terrenos laboratorios,equipamiento,no existe diferenciación administrativa entre equipamiento de terreno vs laboratorios,instrumento sin-diferenciación instalacion equipamiento-científico laboratorios terreno zonas-alto-riesgo zonas-extremas aislamiento-austral,investigadores se encuentran sobrepasados con las exigencias,investigadores sobrepasados exigencias,0
lab rpp 1,fondecyt regular,ineficiencia y centralismo en la gestión administrativa y fiscalización por anid a los proyectos del instrumento,gestion-administrativa y realidad-territorial,gestión-administrativa anid realidad-territorial macrozona-austral,gestion-administrativa anid,plataformas digitales no operan adecuadamente,plataformas digitales operan adecuadamente,frustración y perdida de tiempo para tomar decisiones retraso en proyectos,frustración perdida tomar decisiones retraso proyectos,1
lab rpp 1,pai sia,falta de claridad en los documentos a presentar los cuales fueron aceptados por la universidad en el preselección de candidatos pero no valen para la jerarquización,contenido bases-instrumento,bases-instrumento instrumento-anid confusas documentos presentados sirven jerarquización,descoordinación anid-universidades,que anid no está coordinada con las universidades y sus procesos de jerarquización,anid está coordinada universidades procesos jerarquización,demora en los procesos de jerarquización,demora procesos jerarquización,0
lab rpp 1,pai sia,falta de claridad en los documentos a presentar los cuales fueron aceptados por la universidad en el preselección de candidatos pero no valen para la jerarquización,contenido bases-instrumento,bases-instrumento instrumento-anid confusas documentos presentados sirven jerarquización,descoordinación anid-universidades,que anid no está coordinada con las universidades y sus procesos de jerarquización,anid está coordinada universidades procesos jerarquización,inestabilidad laboral en los primeros años,inestabilidad laboral años,0
lab rpp 1,fondecyt postdoc,falta de flexibilidad en la asignación de los gastos de instalación,financiamiento costo-operación,insuficiente financiamiento operación gasto-instalación macrozona-austral,gestion-administrativa anid,visión centralizada de los instrumentos,anid visión centralizada instrumentos,los investigadores deciden no trasladarse a la región o retornan a otras regiones durante o al finalizar el proyecto lo que conellva a perder capital humano rn la mz,investigadores deciden no-trasladarse macrozona-austral retornan regiones finalizar proyectos conellva perder capital-humano macrozona-austral,1
lab fri 1,fondecyt iniciación,restricciones para finalización anticipada del proyecto,gestion-administrativa y realidad-territorial,gestión-administrativa anid impone restricciones finalización anticipada proyectos,gestion-administrativa y realidad-territorial,sólo se considera la finalización por problemas en el desarrollo del proyecto,finalización problemas desarrollo proyecto,no se puede finalizar anticipadamente un proyecto en casos como traslado de un investigador o problemas que surjan a partir de un cambio a una institución que no entregue garantías para el desarrollo de la investigación,finalizar anticipadamente proyectos casos traslado investigadores problemas surjan cambio institución entregue garantías desarrollo investigación,0
lab rpp 1,fondecyt regular,bases cambian constantemente,contenido bases-instrumento,bases-instrumento instrumento-anid confusas actualizaciones perjudiciales,comunicacion-anid,decisiones de anid desconocidas para investigador@s,decisiones anid desconocidas investigadores,perdida de tiempo y recursos recortes de recursos que deben ser pagados por investigadores,perdida recortes recursos pagados investigadores,0
lab rif 1,fondecyt iniciación,el patrocinio institucional no se revisa adecuadamente por anid,gestion-administrativa anid,evaluación-administrativa anid deficiente patrocinio-institucional macrozona-austral,bases-instrumento,no esta claramente estipulado en las bases,claramente estipulado bases-instrumento,precarizacion del investigad@r y su linea de investigacion,precarizacion investigadores linea-investigación,1
lab fri 1,fondequip mediano,falta de transparencia quien es el comite tecnico y como toma las decisiones no hay actas o informes,comunicacion-anid,evaluación-administrativa anid deficiente poco-transparente comité ejecutivo,bases-instrumento,ausencia de especificación en las bases de comité técnico protocolo y actas de decisiones,ausencia especificación bases-instrumento comité técnico protocolo actas decisiones,los equipos corren mas riesgo de ser mal evaluados,equipos-investigación corren mas riesgo mal-evaluados,0
lab rif 1,fondef idea,poca pertinencia regional del par evaluador en el tema a desarrollar,evaluacion-anid y realidad-territorial,insuficiente pertinencia par-evaluador evaluacion-administrativa anid propuesta realidad macrozona-austral,gestion-administrativa y realidad-territorial,que no se considera en la evaluación realidades regionales que son importantes y que el par omite o no le entrega el valor apropiado,evaluación-anid no-reconoce brechas macrozona-austral entrega apropiado,proyectos mal valorados y en consecuencia mal evaluados,proyectos mal valorados consecuencia mal evaluados,1
lab fri 1,fondecyt iniciación,sólo se financia una asistencia a congreso o reunión por año,financiamiento colaboracion-internacional,financiamiento colaboracion-internacional insuficiente congresos,financiamiento colaboracion-internacional,la asistencia a congresos y reuniones están agrupadas en un mismo ítem,asistencia congresos reuniones agrupadas ítem,hay que escoger entre viajar a una reunión o a un congreso internacional por año,escoger viajar reunión congreso internacional año,0
lab fri 1,fondecyt regular,no se pueden reitimizar los recursos para colaboración internacional y no hay recursos suficientes,financiamiento colaboracion-internacional,insuficiente financiamiento colaboracion-internacional reitemizar,bases-instrumento,poca flexibilidad del instrumento,bases-instrumento inflexible reitemizar financiamiento,perdida de recursos en época de pandemia donde ha sido imposible realizar colaboración internacional,perdida recursos época pandemia imposible colaboración internacional,1
lab fri 1,fondequip mediano,falta de transparencia quien es el comite tecnico y como toma las decisiones no hay actas o informes,comunicacion-anid,evaluación-administrativa anid deficiente poco-transparente comité ejecutivo,gestion-administrativa anid,arbitrariedad,evaluación-administrativa anid arbitraria,los equipos corren mas riesgo de ser mal evaluados,equipos-investigación corren mas riesgo mal-evaluados,0
lab fri 1,fondecyt iniciación,hay pocas universidades y estudiantes en zonas extremas,capital-humano,insuficiente capital-humano profesionales-universidades estudiantes-pregrado estudiantes-postgrado macrozona-austral,capital-humano,no hay personas que participen y cooperen en los proyectos,insuficiente universidades macrozona-austral estudiantes-pregrado estudiantes-postgrado profesionales-investigación,el investigador principal debe realizar todo el trabajo y no le queda tiempo para la docencia y gestión,investigador-principal queda docencia gestión,1
lab rpp 1,pai sia,ausencia de ítem de gasto para financiar asistentes de investigación,financiamiento capital-humano,insuficiente financiamiento operación macrozona-austral gastos capital-humano asistentes-de-investigación,capital-humano,universidades poseen poco apoyo para la administración de los proyectos,insuficiente apoyo-administrativo proyectos universidades,investigador invierte gran cantidad de tiempo en temas administrativos (eg licitaciones tramites aduaneros),investigador-principal invierte cantidad temas administrativos (licitaciones tramites aduaneros),1
lab rpp 1,pai sia,la falta de tiempo para destinar a docencia en un proyecto en la macrozona-austral,gestion-administrativa y realidad-territorial,insuficiente gestión-proyectos restringe docencia,capital-humano,que las universidades australes tienen pocos estudiantes de pre y postgrado para colaborar en los procesos de investigación,insuficiente estudiantes-pregrado estudiantes-postgrado macrozona-austral,un investigador sin grupo de investigación y con la presión de abrir una línea de investigación no cuenta con tiempo para destinar a docencia,investigadores equipos-investigación presión abrir linea-investigación destinar docencia,1
lab rpp 1,pai sia,inestabilidad laboral en los primeros años,bases-instrumento,bases-instrumento instrumento-anid confusas estabilidad laboral años,gestion-administrativa anid,demora en los procesos de jerarquización,demora procesos jerarquización,se desconoce el puesto académico y sueldo definitivo,desconoce puesto académico sueldo definitivo,0
lab rif 1,fondecyt iniciación,no se puede destinar recursos a tesistas internacionales,financiamiento colaboracion-internacional,insuficiente financiamiento colaboracion-internacional tesistas-internacionales,gestion-administrativa anid,anid necesita un rut chileno,anid necesita rut chileno,fondos destinados a tesistas se deben devolver a anid,fondos destinados tesistas devolver anid,1
lab fri 1,fondequip mediano,falta de transparencia quien es el comite tecnico y como toma las decisiones no hay actas o informes,comunicacion-anid,evaluación-administrativa anid deficiente poco-transparente comité ejecutivo,gestion-administrativa anid,criterios no están establecidos,criterios evaluación-administrativa anid establecidos,los equipos corren mas riesgo de ser mal evaluados,equipos-investigación corren mas riesgo mal-evaluados,0
lab fri 1,fondequip mediano,las universidades pequeñas (mz austral) deben limitar el número de postulaciones,bases-instrumento y realidad-territorial,bases-instrumento instrumento-anid realidad-territorial macrozona-austral limita cantidad postulaciones,costo-operacional,falta de reconocimiento de las particularidades regionales (universidades pequeñas pocos recursos vs universidades grandes mas recursos// costos operacionales mayores),anid no-reconoce brechas macrozona-austral costos operacionales mayores,limita numero de postulaciones en regiones con insuficiente equipamiento,limita cantidad postulaciones macrozona-austral insuficiente equipamiento-científico,1
lab fri 1,fondecyt regular,falta de recursos para viaticos internacionales,financiamiento colaboracion-internacional,insuficiente financiamiento colaboracion-internacional viaticos investigadores-principales,financiamiento colaboracion-internacional,es insuficiente el monto asignado por bases,insuficiente montos asignados bases-instrumento,disminuye la colaboración internacional,disminuye colaboración internacional,0
lab rif 1,fondef idea,la duración de 24 meses de los proyectos fondef idea no es suficiente,duracion-proyectos,plazo proyectos corto,investigaciones ciclos-naturales,que no se ajusta a investigaciones aplicadas que se basan en ciclos naturales,plazo inapropiado investigación aplicada basa ciclos-naturales,desincentivo para postular prorrogas frecuentes dificultad para desarrollar productos o servicios a partir de investigación relacionada a ciclos naturales,desincentivo postular prorrogas frecuentes dificultad desarrollar productos servicios investigación relacionada ciclos naturales,1
lab rif 1,fondef idea,la duración de 24 meses de los proyectos fondef idea no es suficiente,duracion-proyectos,plazo proyectos corto,asimetrias-proyectos,que requieren un período de transferencia,proyectos requieren período transferencia,desincentivo para postular prorrogas frecuentes dificultad para desarrollar productos o servicios a partir de investigación relacionada a ciclos naturales,desincentivo postular prorrogas frecuentes dificultad desarrollar productos servicios investigación relacionada ciclos naturales,1
lab fri 1,fondecyt iniciación,la evaluación es subjetiva ya que depende de la cantidad de evaluadores y su experiencia previa,evaluacion-anid,evaluacion anid subjetiva,evaluacion-anid,dos evaluaciones buenas y una mala influye menos en una decisión de dos evaluaciones (una buena y una mala),evaluación anid 2 mala influye decisión evaluaciones,proyectos rechazados por malas calificaciones debido a diferencias en las condiciones de evaluación por parte de anid,proyectos rechazados malas calificaciones diferencias condiciones evaluación anid,0
lab fri 1,fondequip mediano,las universidades pequeñas (mz austral) deben limitar el número de postulaciones,bases-instrumento y realidad-territorial,bases-instrumento instrumento-anid realidad-territorial macrozona-austral limita cantidad postulaciones,costo-operacional,falta de reconocimiento de las particularidades regionales (universidades pequeñas pocos recursos vs universidades grandes mas recursos// costos operacionales mayores),anid no-reconoce brechas macrozona-austral universidades pequeñas insuficiente financiamiento,limita numero de postulaciones en regiones con insuficiente equipamiento,limita cantidad postulaciones macrozona-austral insuficiente equipamiento-científico,1
lab fri 1,fondequip mediano,gestión rigida y compleja administrativa (comite tecnico) que no se aplica a la naturaleza de los proyectos (zonas extremas vs laboratorio),gestion-administrativa y realidad-territorial,gestión-administrativa anid diferencia equipamiento-científico terrenos laboratorios,gestion-administrativa y realidad-territorial,la administración del programa muestra una tendencia a la burocratización/rigidización/falta de transparencia/arbitrariedad,administración programa muestra tendencia burocratización rigidización falta-de-transparencia arbitrariedad,los indicadores no son aplicables al equipamiento cientifico de terreno/zonas extremas/zonas de riesgo,indicadores inaplicables equipamiento-científico terreno zonas-extremas zonas-alto-riesgo,1
lab fri 1,fondequip mediano,gestión rigida y compleja administrativa (comite tecnico) que no se aplica a la naturaleza de los proyectos (zonas extremas vs laboratorio),gestion-administrativa y realidad-territorial,gestión-administrativa anid diferencia equipamiento-científico terrenos laboratorios,gestion-administrativa y realidad-territorial,el programa no tiene diferencias entre instalacion de equipamiento en laboratorios terreno zonas de alto riesgo y zonas extremas con aislamiento-austral,instrumento sin-diferenciación instalacion equipamiento-científico laboratorios terreno zonas-alto-riesgo zonas-extremas aislamiento-austral,los indicadores no son aplicables al equipamiento cientifico de terreno/zonas extremas/zonas de riesgo,indicadores inaplicables equipamiento-científico terreno zonas-extremas zonas-alto-riesgo,1
lab fri 1,fondequip mediano,gestión rigida y compleja administrativa (comite tecnico) que no se aplica a la naturaleza de los proyectos (zonas extremas vs laboratorio),gestion-administrativa y realidad-territorial,gestión-administrativa anid diferencia equipamiento-científico terrenos laboratorios,equipamiento,no existe diferenciación administrativa/bases entre equipamiento de terreno vs laboratorios,instrumento sin-diferenciación instalacion equipamiento-científico laboratorios terreno zonas-alto-riesgo zonas-extremas aislamiento-austral,los indicadores no son aplicables al equipamiento cientifico de terreno/zonas extremas/zonas de riesgo,indicadores inaplicables equipamiento-científico terreno zonas-extremas zonas-alto-riesgo,1
lab fri 1,fondequip mediano,gestión rigida y compleja administrativa (comite tecnico) que no se aplica a la naturaleza de los proyectos (zonas extremas vs laboratorio),gestion-administrativa y realidad-territorial,gestión-administrativa anid diferencia equipamiento-científico terrenos laboratorios,equipamiento,no existe diferenciación administrativa/bases entre equipamiento de terreno vs laboratorios,instrumento sin-diferenciación instalacion equipamiento-científico laboratorios terreno zonas-alto-riesgo zonas-extremas aislamiento-austral,los indicadores no son aplicables al equipamiento cientifico de terreno/zonas extremas/zonas de riesgo,indicadores inaplicables equipamiento-científico terreno zonas-extremas zonas-alto-riesgo,1
lab rpp 1,pai sia,no hay asignación ni bono de zonas extremas en la remununeración,financiamiento capital-humano,financiamiento investigadores-principales incluye asignación-zona-extrema,costo-operacional,que costos de traslado y mantención para zona extrema son mucho mayores,costos traslado costos mantención mayores macrozona-austral,desigualdad frente a otros profesionales de instituciones públicas de la región que si reciben asignación,desigualdad frente profesionales instituciones públicas macrozona-austral reciben asignación-zona-extrema,1
lab rif 1,fondef idea,no hay apoyo económico para las familias de investigadores que se trasladan a zonas extremas,financiamiento capital-humano,financiamiento investigadores-principales apoya traslado familias macrozona-austral,costo-operacional,costos de traslado y mantención para zona extrema son mucho mayores,costos traslado costos mantención mayores macrozona-austral,los profesionales no se suman a proyectos que impliquen cambiar su domicilio a una zona extrema,investigadores no-se-suman proyectos impliquen cambiar domicilio macrozona-austral,1
lab fri 1,fondequip mediano,gestión rigida y compleja administrativa (comite tecnico) que no se aplica a la naturaleza de los proyectos (zonas extremas vs laboratorio),gestion-administrativa y realidad-territorial,gestión-administrativa anid diferencia equipamiento-científico terrenos laboratorios,costo-operacional,no consideran que los gastos operacionales son mayores en mz austral,anid no-reconoce brechas macrozona-austral relación costos operacionales,los indicadores no son aplicables al equipamiento cientifico de terreno/zonas extremas/zonas de riesgo,indicadores inaplicables equipamiento-científico terreno zonas-extremas zonas-alto-riesgo,1
lab fri 1,fondequip mediano,las bases no diferencian entre equipamiento de terreno (z extrema/riesgosa) y laboratorio ni condiciones mz austral,evaluacion-anid y realidad-territorial,evaluación-administrativa anid propuesta diferencia equipamiento-científico terrenos laboratorios,gestion-administrativa y realidad-territorial,no existe diferenciación administrativa entre equipamiento de terreno vs laboratorios,instrumento sin-diferenciación instalacion equipamiento-científico laboratorios terreno zonas-alto-riesgo zonas-extremas aislamiento-austral,los riesgos de incumplimiento son mayores para proyectos de zonas extremas,riesgos incumplimiento mayores proyectos zonas-extremas,1
lab fri 1,fondequip mediano,las bases no diferencian entre equipamiento de terreno (z extrema/riesgosa) y laboratorio ni condiciones mz austral,evaluacion-anid y realidad-territorial,evaluación-administrativa anid propuesta diferencia equipamiento-científico terrenos laboratorios,gestion-administrativa y realidad-territorial,el programa no considera que hay menos instituciones generadoras de conocimiento en mz austral,instrumento instituciones generadoras conocimiento macrozona-austral,los riesgos de incumplimiento son mayores para proyectos de zonas extremas,riesgos incumplimiento mayores proyectos zonas-extremas,1
lab fri 1,fondequip mediano,las bases no diferencian entre equipamiento de terreno (z extrema/riesgosa) y laboratorio ni condiciones mz austral,evaluacion-anid y realidad-territorial,evaluación-administrativa anid propuesta diferencia equipamiento-científico terrenos laboratorios,gestion-administrativa y realidad-territorial,el programa no tiene diferencias entre instalación de equipamiento en laboratorios terreno zonas de alto riesgo y zonas extremas con aislamiento-austral,instrumento sin-diferenciación instalacion equipamiento-científico laboratorios terreno zonas-alto-riesgo zonas-extremas aislamiento-austral,los riesgos de incumplimiento son mayores para proyectos de zonas extremas,riesgos incumplimiento mayores proyectos zonas-extremas,1
lab fri 1,fondequip mediano,falta de apoyo estructural para el funcionamiento óptimo y sustentabilidad de operación de equipamiento científico,complementariedad-instrumentos,ausencia financiamiento anid asegurar operación equipamiento-científico,equipamiento,costos altos de mantención/calibración/técnicos/reparaciones,equipamiento-científico costos mantención mayores costo calibración mayores costos técnicos mayores costos reparaciones mayores,perdida de utilidad de instrumentos despues de un par de años por falta de calibración mantención reparación,perdida utilidad instrumentos despues par años falta calibración mantención reparación,1
lab fri 1,fondequip mediano,falta de apoyo estructural para el funcionamiento óptimo y sustentabilidad de operación de equipamiento científico,complementariedad-instrumentos,ausencia financiamiento anid asegurar operación equipamiento-científico,equipamiento,fondequip mediano no considera mantención de equipamiento y/o apoyo técnico y/o calibración,instrumento mantención equipamiento-científico apoyo técnico calibración,perdida de utilidad de instrumentos despues de un par de años por falta de calibración/mantención/reparación,perdida utilidad instrumentos despues par años falta calibración mantención reparación,1
lab fri 1,fondequip mediano,falta de apoyo estructural para el funcionamiento óptimo y sustentabilidad de operación de equipamiento científico,complementariedad-instrumentos,ausencia financiamiento anid asegurar operación equipamiento-científico,equipamiento,no existe otro instrumento/programa que de continuidad al proyecto para realizar mantención/reparación/calibración de equipamiento cientifico,instrumento continuidad proyectos mantención reparación calibración equipamiento,perdida de utilidad de instrumentos despues de un par de años por falta de calibración/mantención/reparación,perdida utilidad instrumentos despues par años falta calibración mantención reparación,1
lab rif 1,fondef idea,los incentivos son deficientes para justificar el traslado de doctores y fondecyt postdoctorados a zonas extremas,financiamiento capital-humano,insuficiente financiamiento investigadores-principales macrozona-austral,capital-humano,no hay doctores ni fondecyt postdoctorados en zonas extremas,insuficiente profesionales-investigación macrozona-austral,los profesionales se retiran en medio de los proyectos,retiro investigadores medio proyectos,1
lab rpp 1,fondecyt regular,gastos operacionales mayores en la macrozona no son considerados por el instrumento,financiamiento costo-operación,insuficiente financiamiento operación macrozona-austral,costo-operacional,los costos de vida (ej combustibles arriendos viaticos alimentos envios distancias etc) son mayores en ambas regiones,costos vida mayores macrozona-austral,recortes sin justificación aludiendo a que son muy caros sin conocer las realidades de las regiones de la zona austral,recortes justificación aludiendo caros realidades macrozona-austral,1
lab rpp 1,fondecyt regular,gastos operacionales mayores en la macrozona no son considerados por el instrumento,financiamiento costo-operación,insuficiente financiamiento operación macrozona-austral,evaluacion-anid y realidad-territorial,decisiones a distancia y sin apelación tomadas por administrativos que desconocen la realidad economica y aislamiento austral,decisiones distancia apelación tomadas administrativos no-reconoce realidad-economica aislamiento-austral,recortes sin justificación aludiendo a que son muy caros sin conocer las realidades de las regiones de la zona austral,recortes justificación aludiendo caros realidades macrozona-austral,1
lab rpp 1,fondecyt regular,gastos operacionales mayores en la macrozona no son considerados por el instrumento,financiamiento costo-operación,insuficiente financiamiento operación macrozona-austral,evaluacion-anid y realidad-territorial,decisiones a distancia y sin apelación tomadas por administrativos que desconocen la realidad economica y aislamiento austral,decisiones distancia apelación tomadas administrativos no-reconoce realidad-economica aislamiento-austral,recursos alcanzan para menos items que en otras regiones competencia injusta,recursos alcanzan items regiones competencia injusta,1
lab rif 1,fondef idea,los costos de operación considerados en las bases es insuficienten o bien requieren un porcentaje excesivo para las zonas extremas,financiamiento costo-operación,insuficiente financiamiento operación macrozona-austral,costo-operacional,que el combustible es más caro zonas extremas,combustible caro macrozona-austral,alto nivel de gasto en ítem de costos de operación y rechazos de gastos altos,alto nivel gastos ítem costos operación rechazos gastos altos,1
lab rif 1,fondef idea,los costos de operación considerados en las bases es insuficienten o bien requieren un porcentaje excesivo para las zonas extremas,financiamiento costo-operación,insuficiente financiamiento operación macrozona-austral,costo-operacional,que en regiones extremas hay menos proveedores de servicios y usualmente los costos son más altos,macrozona-austral proveedores servicios costos operacionales mayores,alto nivel de gasto en ítem de costos de operación y rechazos de gastos altos,alto nivel gastos ítem costos operación rechazos gastos altos,1
lab rif 1,fondef idea,los costos de operación considerados en las bases es insuficienten o bien requieren un porcentaje excesivo para las zonas extremas,financiamiento costo-operación,insuficiente financiamiento operación macrozona-austral,gestion-administrativa y realidad-territorial,que en regiones extremas los sitios de estudio están alejados y conectividad es deficiente (muchos km y caminos en mal estado),macrozona-austral sitios estudio alejados conectividad deficiente (muchos km caminos mal estado),alto nivel de gasto en ítem de costos de operación y rechazos de gastos altos,alto nivel gastos ítem costos operación rechazos gastos altos,1
lab fri 1,fondequip mediano,falta de apoyo estructural para el funcionamiento óptimo y sustentabilidad de operación de equipamiento científico,complementariedad-instrumentos,ausencia financiamiento anid asegurar operación equipamiento-científico,equipamiento,las instituciones (universidades) no tienen recursos para hacer mantenciones o comprar repuestos,universidades recursos mantenciones comprar repuestos,perdida de utilidad de instrumentos despues de un par de años por falta de calibración/mantención/reparación,perdida utilidad instrumentos despues par años falta calibración mantención reparación,1
lab fri 1,fondecyt iniciación,no es posible mantener la cooperación internacional durante todo el desarrollo del proyecto,colaboracion-internacional,colaboracion-internacional sostener proyecto,financiamiento colaboracion-internacional,las primeras etapas no contemplan fondos para el primer año pues se espera que los proyectos en su primer año generen los insumos,primeras etapas contemplan fondos año espera proyectos año generen insumos,retraso significativo de los proyectos que están en condiciones de realizar colaboraciones,retraso significativo proyectos condiciones colaboraciones,1
lab fri 1,fondecyt iniciación,no es posible mantener la cooperación internacional durante todo el desarrollo del proyecto,colaboracion-internacional,colaboracion-internacional sostener proyecto,financiamiento colaboracion-internacional,las primeras etapas no contemplan fondos para el primer año pues se espera que los proyectos en su primer año generen los insumos,primeras etapas contemplan fondos año espera proyectos año generen insumos,disminución de la colaboración internacional y de la generación de redes de trabajo,disminución colaboración internacional generación redes,1
lab rif 1,fondef idea,no existe en las bases criterios escritos sobre como actúa anid en casos excepcionales en los cuales se afectan los plazos por la no realización de actividades experimentales relativas a ciclos biológicos,bases-instrumento,bases-instrumento instrumento-anid problemas relativos ciclos-biológicos,duracion-proyectos,que no se ajusta a investigaciones aplicadas que se basan en ciclos naturales,bases-instrumento anid no-reconoce diferencias investigación aplicada basan ciclos-naturales,desinsentivo para postular prorrogas frecuentes dificultad para desarrollar productos o servicios a partir de investigación relacionada a ciclos naturales,desinsentivo postular prorrogas frecuentes dificultad desarrollar productos servicios investigación relacionada ciclos naturales,0
lab rif 1,fondef idea,no hay apoyo económico para las familias de investigadores que se trasladan a zonas extremas,financiamiento capital-humano,financiamiento investigadores-principales apoya traslado familias macrozona-austral,costo-operacional,costos de traslado y mantención para zona extrema son mucho mayores,costos traslado costos mantención mayores macrozona-austral,los profesionales se retiran en medio de los proyectos,investigadores retiran medio proyectos,1
lab rif 1,fondef idea,no hay apoyo económico para las familias de investigadores que se trasladan a zonas extremas,financiamiento capital-humano,financiamiento investigadores-principales apoya traslado familias macrozona-austral,costo-operacional,costos de traslado y mantención para zona extrema son mucho mayores,costos traslado costos mantención mayores macrozona-austral,los profesionales no se trasladan a la región extrema para efectuar su investigación,investigadores no-se-trasladan región extrema efectuar investigación,1
lab fri 1,fondecyt iniciación,hay pocas universidades y estudiantes en zonas extremas,capital-humano,insuficiente capital-humano profesionales-universidades estudiantes-pregrado estudiantes-postgrado macrozona-austral,capital-humano,no hay personas que participen y cooperen en los proyectos,insuficiente universidades macrozona-austral estudiantes-pregrado estudiantes-postgrado profesionales-investigación,proyectos con menos investigadores menos capacidad de trabajo y menor productividad asociada a la cantidad de profesionales dedicados al trabajo científico,proyectos investigadores capacidad menor productividad asociada cantidad profesionales dedicados científico,1
lab fri 1,fondecyt iniciación,falta de recursos (honorarios) para tesistas y flexibilidad de los mismos,financiamiento capital-humano,inflexible insuficiente financiamiento capital-humano estudiantes-pregrado estudiantes-postgrado macrozona-austral,costo-operacional,el costo de vida es más alto en regiones extremas,costos vida mayores macrozona-austral,proyectos con menos investigadores menos capacidad de trabajo y menor productividad asociada a la cantidad de profesionales dedicados al trabajo científico,proyectos investigadores capacidad menor productividad asociada cantidad profesionales dedicados científico,1
lab rpp 1,pai sia,no hay comunicación fluida con el ejecutivo de proyecto asignado,comunicacion-anid,comunicación ejecutivos anid lenta,comunicacion-anid,no hay respuestas oportunas de parte de la anid a solicitudes de los proyectos,respuestas oportunas anid solicitudes proyectos,proyectos desactualizados detenidos en el tiempo esperando respuestas para continuidad de los proyectos,proyectos desactualizados detenidos esperando respuestas continuidad proyectos,0
lab fri 1,fondequip mediano,falta de transparencia quien es el comite tecnico y como toma las decisiones no hay actas o informes,comunicacion-anid,evaluación-administrativa anid deficiente poco-transparente comité ejecutivo,gestion-administrativa anid,falta protocolo definido para toma de decisiones y resolución de problemas,falta protocolo evaluación-administrativa toma decisiones resolución problemas,los equipos corren mas riesgo de ser mal evaluados,equipos-investigación corren mas riesgo mal evaluados,0
lab fri 1,fondequip mediano,falta flexibilidad para mover recursos dentro del proyecto despues de adjudicados los proyectos,gestion-administrativa anid,evaluación-administrativa anid inflexible recursos,gestion-administrativa anid,ausencia de especificación en las bases de comité técnico protocolo y actas de decisiones,ausencia especificación bases-instrumento comité técnico protocolo actas decisiones,los equipos corren mas riesgo de ser mal evaluados,equipos-investigación corren mas riesgo mal evaluados,0
lab fri 1,fondecyt iniciación,falta de recursos (honorarios) para tesistas y flexibilidad de los mismos,financiamiento capital-humano,inflexible insuficiente financiamiento capital-humano estudiantes-pregrado estudiantes-postgrado macrozona-austral,capital-humano,que los estudiantes de zonas extremas que se especializan deben salir de la región y para realizar las tesis acá deben viajar,estudiantes macrozona-austral especializan salir región tesis región viajar,proyectos con menos investigadores menos capacidad de trabajo y menor productividad asociada a la cantidad de profesionales dedicados al trabajo científico,proyectos investigadores capacidad menor productividad asociada cantidad profesionales dedicados científico,1
lab fri 1,fondecyt iniciación,falta de recursos (honorarios) para tesistas y flexibilidad de los mismos,financiamiento capital-humano,inflexible insuficiente financiamiento capital-humano estudiantes-pregrado estudiantes-postgrado macrozona-austral,capital-humano,no existen estudiantes disponibles en las universidades de zonas extremas porque no hay suficientes postgrados,insuficiente estudiantes-postgrado macrozona-austral,proyectos con menos investigadores menos capacidad de trabajo y menor productividad asociada a la cantidad de profesionales dedicados al trabajo científico,proyectos investigadores capacidad menor productividad asociada cantidad profesionales dedicados científico,1
lab fri 1,fondecyt iniciación,falta de recursos (honorarios) para tesistas y flexibilidad de los mismos,financiamiento capital-humano,inflexible insuficiente financiamiento capital-humano estudiantes-pregrado estudiantes-postgrado macrozona-austral,capital-humano,que los tesistas en regiones extremas son escasos y se requiere que puedan colaborar con más de un proyecto,estudiantes-pregrado macrozona-austral escasos requiere puedan colaborar proyecto,proyectos con menos investigadores menos capacidad de trabajo y menor productividad asociada a la cantidad de profesionales dedicados al trabajo científico,proyectos investigadores capacidad menor productividad asociada cantidad profesionales dedicados científico,1
lab rpp 1,pai sia,ausencia de ítem de gasto para financiar asistentes de investigación,financiamiento capital-humano,insuficiente financiamiento operación macrozona-austral gastos capital-humano asistentes-de-investigación,capital-humano,proyectos de investigación que crean una nueva línea de investigación requieren de asistentes,proyectos investigación crean línea investigación requieren asistentes-de-investigación,proyectos con menos investigadores menos capacidad de trabajo y menor productividad asociada a la cantidad de profesionales dedicados al trabajo científico,proyectos investigadores capacidad menor productividad asociada cantidad profesionales dedicados científico,1
lab rpp 1,pai sia,ausencia de ítem de gasto para financiar asistentes de investigación,financiamiento capital-humano,insuficiente financiamiento operación macrozona-austral gastos capital-humano asistentes-de-investigación,capital-humano,se requiere de un apoyo logístico para terrenos y administrativo para los proyecto,insuficiente apoyo-logístico terrenos apoyo-administrativo proyectos macrozona-austral,proyectos con menos investigadores menos capacidad de trabajo y menor productividad asociada a la cantidad de profesionales dedicados al trabajo científico,proyectos investigadores capacidad menor productividad asociada cantidad profesionales dedicados científico,1
lab rpp 1,pai sia,los gastos de operación no considera honorarios profesionales a personal de apoyo ni viajes,financiamiento capital-humano,insuficiente financiamiento operación macrozona-austral gastos capital-humano asistentes-de-investigación,capital-humano,en las bases no está explícito el poder financiar personal y viajes durante todo el pai sia,bases-instrumento está explícito financiar personal viajes pai sia,proyectos con menos investigadores menos capacidad de trabajo y menor productividad asociada a la cantidad de profesionales dedicados al trabajo científico,proyectos investigadores capacidad menor productividad asociada cantidad profesionales dedicados científico,1
lab rpp 1,pai sia,los gastos de operación no considera honorarios profesionales a personal de apoyo ni viajes,financiamiento capital-humano,insuficiente financiamiento operación macrozona-austral gastos capital-humano asistentes-de-investigación,capital-humano,que en la región existen pocos profesionales de apoyo en el área científica y para incluirlos en los proyectos deben ser atraídos desde otras regiones o rubros,insuficiente profesionales-investigación macrozona-austral incluirlos proyectos atraídos regiones rubros,proyectos con menos investigadores menos capacidad de trabajo y menor productividad asociada a la cantidad de profesionales dedicados al trabajo científico,proyectos investigadores capacidad menor productividad asociada cantidad profesionales dedicados científico,1
lab rpp 1,pai sia,ausencia de ítem de gasto para financiar asistentes de investigación,financiamiento capital-humano,insuficiente financiamiento operación macrozona-austral gastos capital-humano asistentes-de-investigación,capital-humano,universidades poseen poco apoyo para la administración de los proyectos,insuficiente apoyo-administrativo proyectos universidades,proyectos con menos investigadores menos capacidad de trabajo y menor productividad asociada a la cantidad de profesionales dedicados al trabajo científico,proyectos investigadores capacidad menor productividad asociada cantidad profesionales dedicados científico,1
lab fri 1,fondequip mediano,proceso de evaluación y postulación no toma en cuenta diferencias de equipamiento de terrenos y laboratorios,evaluacion-anid y realidad-territorial,evaluación-administrativa anid propuesta diferencia equipamiento-científico terrenos laboratorios,equipamiento,no existe diferenciación administrativa entre equipamiento de terreno vs laboratorios,instrumento sin-diferenciación instalacion equipamiento-científico laboratorios terreno zonas-alto-riesgo zonas-extremas aislamiento-austral,las decisiones de recortes/multas a los proyectos se hacen sin pertinencia de zonas extremas o riesgosas,decisiones recortes multas proyectos pertinencia zonas-extremas zonas-alto-riesgo,0
lab rif 1,fondef idea,los incentivos son deficientes para justificar el traslado de doctores y fondecyt postdoctorados a zonas extremas,financiamiento capital-humano,insuficiente financiamiento investigadores-principales macrozona-austral,capital-humano,que tenemos pocas instituciones empleadoras de profesionales con esas características,insuficiente instituciones empleadoras profesionales-de-la-investigación características,proyectos con menos investigadores menos capacidad de trabajo y menor productividad asociada a la cantidad de profesionales especialistas en los temas de la investigación,proyectos investigadores capacidad menor productividad asociada cantidad investigadores especialistas temas investigación,1
lab fri 1,fondequip mediano,proceso de evaluación y postulación no toma en cuenta diferencias de equipamiento de terrenos y laboratorios,evaluacion-anid y realidad-territorial,evaluación-administrativa anid propuesta diferencia equipamiento-científico terrenos laboratorios,evaluacion-anid y realidad-territorial,el programa no tiene diferencias entre instalacion de quipamiento en laboratorios terreno zonas de alto riesgo y zonas extremas con aislamiento-austral,instrumento diferencias instalacion equipamiento-científico laboratorios terreno zonas-alto-riesgo zonas-extremas aislamiento-austral,"tema seguros las aseguradoras no aseguran equipamiento de ""terreno"" menos de zonas riesgosas","tema seguros aseguradoras aseguran equipamiento-científico ""terreno"" zonas-alto-riesgo",0
lab fri 1,fondequip mediano,proceso de evaluación y postulación no toma en cuenta diferencias de equipamiento de terrenos y laboratorios,evaluacion-anid y realidad-territorial,evaluación-administrativa anid propuesta diferencia equipamiento-científico terrenos laboratorios,evaluacion-anid y realidad-territorial,el programa no tiene diferencias entre instalacion de quipamiento en laboratorios terreno zonas de alto riesgo y zonas extremas con aislamiento-austral,programa diferencias instalacion quipamiento laboratorios terreno zonas-alto-riesgo zonas-extremas aislamiento-austral,se debe buscar alternativas que no necesariamente son las apropiadas,buscar alternativas necesariamente apropiadas,0
lab rif 1,fondecyt iniciación,realizar tramites del proyecto es dificil y burocratico,gestion-administrativa anid,gestión-administrativa anid burocrática,gestion-administrativa anid,plataformas digitales no operan adecuadamente,plataformas digitales operan adecuadamente,dificultades para realizar trámites migratorios,dificultades trámites migratorios,0
lab rif 1,fondecyt iniciación,realizar tramites del proyecto es dificil y burocratico,gestion-administrativa anid,gestión-administrativa anid burocrática,gestion-administrativa anid,funcionarios no contestan correos,funcionarios contestan correos,dificultades para realizar trámites migratorios,dificultades trámites migratorios,0
lab rif 1,fondef idea,insuficiente tiempo para obtener apoyo de instituciones,gestion-administrativa y realidad-territorial,insuficiente gestión-administrativa apoyo-instituciones macrozona-austral,gestion-administrativa y realidad-territorial,que los tiempos para obtener las firmas de los representantes legales no se ajustan al cierre de la fecha de postulación,tiempos obtener firmas representantes legales ajustan cierre fecha postulación,los proyectos se presentan sin apoyo de otras instituciones lo que le resta competitividad,proyectos presentan apoyo instituciones resta competitividad,0
lab rif 1,fondef idea,los incentivos son deficientes para justificar el traslado de doctores y fondecyt postdoctorados a zonas extremas,financiamiento capital-humano,insuficiente financiamiento investigadores-principales macrozona-austral,capital-humano,que para temas específicos se reduce la disponibilidad de profesionales especialistas,temas específicos reduce disponibilidad profesionales-de-la-investigación especialistas,proyectos con menos investigadores menos capacidad de trabajo y menor productividad asociada a la cantidad de profesionales especialistas en los temas de la investigación,proyectos investigadores capacidad menor productividad asociada cantidad investigadores especialistas temas investigación,1
lab fri 1,fondecyt iniciación,en zona extrema en la mayoria de los casos no se cuenta con los proveedores de servicios o productos,gestion-administrativa y realidad-territorial,insuficiente gestión-proyectos compras macrozona-austral proveedores-locales insuficiente,costo-operacional,que esto genera gastos extra de envío/aduana y tiempo extra no considerado,aumenta costos operacionales envío aduana tiempo-extra,rechazos de gastos por parte de anid,rechazos gastos anid,1
lab fri 1,fondecyt iniciación,en zona extrema en la mayoria de los casos no se cuenta con los proveedores de servicios o productos,gestion-administrativa y realidad-territorial,insuficiente gestión-proyectos compras macrozona-austral proveedores-locales insuficiente,costo-operacional,que en regiones extremas hay menos proveedores de servicios y usualmente los costos son más altos,macrozona-austral proveedores servicios costos operacionales mayores,se dilatan los tiempos de obtención de resultados por lo tanto el pago final y la redacción de informes,dilatan tiempos obtención resultados pago final redacción informes,1
lab rpp 1,fondecyt postdoc,reiteradas revisión de audítoria,gestion-administrativa anid,evaluación-administrativa anid deficiente reitera revisiones auditoria macrozona-austral,gestion-administrativa anid,no incorporan todas las observaciones en la primera revisión y luego envían nuevas observaciones,anid incorporan observaciones revisión auditorías envían observaciones,retraso en la ejecución de los proyectos,retraso ejecución proyectos,1
lab rpp 1,fondecyt postdoc,reiteradas revisión de audítoria,gestion-administrativa anid,evaluación-administrativa anid deficiente reitera revisiones auditoria macrozona-austral,gestion-administrativa anid,operar un proyecto en una región extrema es más lento cualquier retraso afecta de mayor manera,operar proyectos macrozona-austral lento retraso impacto,retraso en la ejecución de los proyectos,retraso ejecución proyectos,1
lab rpp 1,fondecyt regular,restricciones arbitrarias en fondos anuales para viajes internacionales,colaboracion-internacional,colaboracion-internacional sostener proyecto,gestion-administrativa anid,cambios/restricciones de anid desconocidos,cambios restricciones anid desconocidos,limita y perjudicada las redes internacionales que han servido para cerrar brechas regionales a traves de la colaboracion con capital humano (escaso en la region) y la disponibilidad de equipamiento e infraestructura ausente en la region,limita perjudica colaboración-internacional servido cerrar brechas macrozona-austral traves colaboracion capital-humano falta equipamiento-científico falta infraestructura,1
lab fri 1,fondecyt regular,no se consideran las realidades locales específicas en la postulación al instrumento,bases-instrumento y realidad-territorial,bases-instrumento instrumento-anid realidad-territorial macrozona-austral,asimetrias-proyectos,instrumentos son homogéneos y se aplican a todo el país territorio heterogéneo,instrumentos anid homogéneos aplican país territorio heterogéneo,proyectos rechazados por la evaluación transversal de curriculum para investigadores sin equipo de trabajo vs investigadores con equipos de trabajos,proyectos rechazados evaluación transversal curriculum investigadores equipos-investigación versus investigadores equipos-investigación,1
lab rpp 1,pai sia,falta de pertinencia regional en el apoyo financiero,gestion-administrativa y realidad-territorial,gestión-administrativa anid realidad-territorial macrozona-austral,gestion-administrativa y realidad-territorial,porque no se considera en la evaluación realidades regionales que son importantes y que el encargado omite o no le entrega el valor apropiado,evaluación-anid no-reconoce brechas macrozona-austral entrega apropiado,rechazos frecuentes e imposibilidad de realizar gastos que son propios del desarrollo de un proyecto en la macrozona-austral,rechazos frecuentes imposibilidad gastos desarrollo proyectos macrozona-austral,1
